{
  "trained_at_utc": "2026-06-08T15:18:37.716696+00:00",
  "n_rows_total": 20161,
  "n_train": 14112,
  "n_val": 3024,
  "n_test": 3025,
  "split": "temporal",
  "train_ratio": 0.7,
  "val_ratio": 0.15,
  "features": [
    "rain_percent",
    "soil_moisture",
    "tilt_angle",
    "vibration_count",
    "rain_warning_elapsed_sec",
    "rain_danger_elapsed_sec"
  ],
  "hyperparameters": {
    "n_estimators": 200,
    "max_depth": 12,
    "min_samples_leaf": 4,
    "class_weight": "balanced"
  },
  "validation": {
    "classification_report": {
      "SAFE": {
        "precision": 0.975609756097561,
        "recall": 0.997586484312148,
        "f1-score": 0.9864757358790772,
        "support": 1243.0
      },
      "WARNING": {
        "precision": 0.9951923076923077,
        "recall": 0.9639115250291036,
        "f1-score": 0.9793021880544057,
        "support": 859.0
      },
      "DANGER": {
        "precision": 0.996742671009772,
        "recall": 0.9956616052060737,
        "f1-score": 0.9962018448182312,
        "support": 922.0
      },
      "accuracy": 0.9874338624338624,
      "macro avg": {
        "precision": 0.989181578266547,
        "recall": 0.9857198715157751,
        "f1-score": 0.9873265895839047,
        "support": 3024.0
      },
      "weighted avg": {
        "precision": 0.9876156950423184,
        "recall": 0.9874338624338624,
        "f1-score": 0.9874034458197212,
        "support": 3024.0
      }
    },
    "confusion_matrix": [
      [
        1240,
        0,
        3
      ],
      [
        31,
        828,
        0
      ],
      [
        0,
        4,
        918
      ]
    ],
    "confusion_matrix_labels": [
      "SAFE",
      "WARNING",
      "DANGER"
    ]
  },
  "test": {
    "classification_report": {
      "SAFE": {
        "precision": 0.9879089615931721,
        "recall": 0.9978448275862069,
        "f1-score": 0.9928520371694067,
        "support": 1392.0
      },
      "WARNING": {
        "precision": 0.9557894736842105,
        "recall": 0.9848156182212582,
        "f1-score": 0.9700854700854701,
        "support": 922.0
      },
      "DANGER": {
        "precision": 0.9970104633781763,
        "recall": 0.9381153305203939,
        "f1-score": 0.9666666666666667,
        "support": 711.0
      },
      "accuracy": 0.9798347107438017,
      "macro avg": {
        "precision": 0.9802362995518529,
        "recall": 0.9735919254426196,
        "f1-score": 0.9765347246405146,
        "support": 3025.0
      },
      "weighted avg": {
        "precision": 0.9802583830533624,
        "recall": 0.9798347107438017,
        "f1-score": 0.9797582939367332,
        "support": 3025.0
      }
    },
    "confusion_matrix": [
      [
        1389,
        2,
        1
      ],
      [
        13,
        908,
        1
      ],
      [
        4,
        40,
        667
      ]
    ],
    "confusion_matrix_labels": [
      "SAFE",
      "WARNING",
      "DANGER"
    ]
  },
  "model_path": "D:\\LandSlide\\ml\\artifacts\\alert_rf.joblib",
  "sklearn_version": "1.5.2"
}